Generation,d_e,k_r,delta,k_o,d_min,Cost
1,8.337100505838684,0.0,1.7877826107754133,8.628093749820115,10.0,373.4097665970683
1,3.93519123181672,1.3953148369346335,3.5967026116064496,6.635837132888066,8.54657399281077,458.42749620329005
2,8.337100505838684,0.0,1.7877826107754133,8.628093749820115,10.0,372.04370712799107
2,8.337100505838684,0.0,1.7877826107754133,8.628093749820115,10.0,373.4097665970683
