Genetation,d_e,k_r,delta,k_o,d_min,Cost
1,2.8759930239400475,7.20618649565454,5.059594107453913,1.9088910498541596,6.370084816256269,287.30631160209896
1,5.708066557088252,8.965384476957569,1.7124956509988727,0.28679662484077145,5.85784731519549,313.41370579013443
